[
    {
        "id": 1,
        "usuario": "Erika Curimilma",
        "fecha": "2022-12-10",
        "monto": 990,
        "tipoRUC": "EDUCATIVO",
        "RUC": "1234567890"
    },
    {
        "id": 2,
        "usuario": "Andres Pardo",
        "fecha": "2021-10-10",
        "monto": 100.2,
        "tipoRUC": "EDUCATIVO",
        "RUC": "22222222222"
    },
    {
        "id": 3,
        "usuario": "Kerly Cuenca",
        "fecha": "2013-10-10",
        "monto": 10000,
        "tipoRUC": "PROFESIONAL",
        "RUC": "333333333333"
    },
    {
        "id": 4,
        "usuario": "Esteban Leon",
        "fecha": "2005-10-10",
        "monto": 120.2,
        "tipoRUC": "PROFESIONAL",
        "RUC": "333333333333"
    },
    {
        "id": 5,
        "usuario": "Christian Robles",
        "fecha": "1999-10-10",
        "monto": 100,
        "tipoRUC": "EDUCATIVO",
        "RUC": "55556565665555"
    },
    {
        "id": 6,
        "usuario": "Eberson Guayllas",
        "fecha": "2012-08-08",
        "monto": 200,
        "tipoRUC": "EDUCATIVO",
        "RUC": "55556565665555"
    },
    {
        "id": 7,
        "usuario": "Santiago Tamayo",
        "fecha": "2002-08-19",
        "monto": 200,
        "tipoRUC": "PROFESIONAL",
        "RUC": "155556565665555"
    },
    {
        "id": 8,
        "usuario": "Pepito de los palotes",
        "fecha": "2019-02-02",
        "monto": 200,
        "tipoRUC": "PROFESIONAL",
        "RUC": "177777777777777"
    },
    {
        "id": 9,
        "usuario": "Jose Guaman",
        "fecha": "2013-12-12",
        "monto": 200,
        "tipoRUC": "PROFESIONAL",
        "RUC": "177777777777777"
    },
    {
        "id": 10,
        "usuario": "Bradley Poma",
        "fecha": "2024-06-18",
        "monto": 100,
        "tipoRUC": "EDUCATIVO",
        "RUC": "177777777777777"
    },
    {
        "id": 11,
        "usuario": "David Guaman",
        "fecha": "2020-01-23",
        "monto": 450.75,
        "tipoRUC": "EDUCATIVO",
        "RUC": "177777777777777"
    },
    {
        "id": 12,
        "usuario": "Sandro Montaño",
        "fecha": "1998-06-14",
        "monto": 780.5,
        "tipoRUC": "PROFESIONAL",
        "RUC": "88888888888888"
    },
    {
        "id": 13,
        "usuario": "Andrea Moreno",
        "fecha": "2000-12-30",
        "monto": 620.4,
        "tipoRUC": "EDUCATIVO",
        "RUC": "88888888888888"
    },
    {
        "id": 14,
        "usuario": "Pablo Montaño",
        "fecha": "1999-09-19",
        "monto": 910.8,
        "tipoRUC": "PROFESIONAL",
        "RUC": "88888888888888"
    },
    {
        "id": 15,
        "usuario": "Erika Alvarez",
        "fecha": "2001-11-22",
        "monto": 300.6,
        "tipoRUC": "EDUCATIVO",
        "RUC": "88888888888888"
    },
    {
        "id": 16,
        "usuario": "Isabel Morocho",
        "fecha": "2024-01-01",
        "monto": 560.95,
        "tipoRUC": "PROFESIONAL",
        "RUC": "88888888888888"
    },
    {
        "id": 17,
        "usuario": "Mario Zambrano",
        "fecha": "2012-12-12",
        "monto": 430.25,
        "tipoRUC": "EDUCATIVO",
        "RUC": "90129131243934"
    },
    {
        "id": 18,
        "usuario": "Kerly Huachaca",
        "fecha": "2024-06-15",
        "monto": 1200.5,
        "tipoRUC": "PROFESIONAL",
        "RUC": "12334546576745"
    }
]